-- Insert some floors
INSERT INTO floors (id, path) VALUES
(1,"m 175.39813,75.18673 7.21432,35.39525 -68.76148,14.42864 4.2835,21.98113 -22.770192,34.83163 -23.221088,
4.7344 0.33817,1.23996 -33.028054,6.6507 -12.737782,-68.31058 14.428639,-2.70537 -3.945332,-20.29027 z"),
(2,"m 175.39813,75.18673 6.61707,35.59433 c -39.98884,8.93268 -79.82353,16.96001 -120.097145,24.45651 l 11.009561,
52.24841 -33.47431,6.96246 -12.737782,-68.31058 14.428639,-2.70537 -3.945332,-20.29027 z"),
(3,"m 175.39813,75.18673 6.61707,35.59433 -152.428378,30.72292 -2.871298,-15.36612 14.428639,-2.70537 -3.945332,-20.29027 z");

-- Insert some rooms with numeric names for each floor
INSERT INTO rooms (id, roomname, floor_id, path) VALUES
(1, 101,1,"m 161.35452,78.223479 13.75603,-2.751206 4.08963,19.927657 -13.75603,2.974277 z"),
(2, 102,1,"m 140.83201,82.387468 4.01527,20.150722 20.59687,-4.238342 -4.01527,-20.150724 -20.74559,3.940915 z"),
(3, 103,1,"m 107.37139,89.153949 3.94092,20.150721 33.53497,-6.76648 -4.01527,-20.225078 z"),
(4, 104,1,"m 107.37139,89.07959 -14.722666,3.048635 4.015272,20.225085 14.648314,-2.97428 z"),
(5, 105,1,"m 96.738354,112.42766 -55.544621,11.2279 -3.86656,-20.3738 55.247192,-11.079179 z"),
(6, 106,1,"m 31.304264,149.3087 32.345259,-6.54341 -1.338424,-7.58441 -32.345259,6.9152 z"),
(7, 107,1,"m 39.409168,194.36899 32.940114,-6.54341 -8.699759,-45.13465 -32.642688,6.69212 z"),
(8, 108,1,"m 62.088029,135.10652 42.978301,-8.55104 3.49477,17.39952 -20.299435,31.00683 -17.771305,3.64349 z"),
(9, 201,2,"m 179.16642,95.111169 -35.74241,7.572541 -3.93773,-20.445869 35.74242,-7.269644 z"),
(10, 202,2,"m 143.42401,102.53226 -4.08918,-20.142966 -34.07645,7.118191 4.08917,20.142965 z"),
(11, 203,2,"M 41.043195,123.28104 68.304359,117.8288 64.518087,97.534382 37.105473,103.13807 Z"),
(12, 204,2,"M 68.455809,117.8288 87.235722,114.04253 83.44945,93.89956 64.518087,97.685835 Z"),
(13, 205,2,"m 30.895985,148.57334 18.32556,-3.33192 -4.392078,-22.71764 -18.32556,3.48337 z"),
(14, 206,2,"m 30.744533,148.42189 24.535047,-4.39208 9.238507,44.98092 -24.989401,5.30078 z"),
(15, 301,3,"m 179.18992,96.085807 -18.51487,3.830664 -4.25629,-20.536612 18.83409,-3.617849 z"),
(16, 302,3,"m 135.35011,83.423336 20.96224,-4.256292 4.25629,20.749427 -21.06865,4.256289 z"),
(17, 303,3,"m 107.5778,89.275739 27.6659,-5.533181 4.14988,20.430202 -27.87871,5.53318 z"),
(18, 304,3,"m 107.36498,88.850109 -14.045762,2.979407 4.256291,20.749424 13.939361,-2.873 z"),
(19, 305,3,"M 97.469102,112.36613 76.400453,116.51601 72.250569,96.085807 93.21281,91.935923 Z"),
(20, 306,3,"M 55.544619,120.87871 76.613268,116.62242 72.356976,95.979399 51.394735,100.12929 Z"),
(21, 307,3,"m 55.544619,120.87871 -14.258581,2.76659 -4.043476,-20.4302 14.152173,-2.66018 z"),
(22, 308,3,"M 44.584667,138.43592 29.581234,141.52173 26.60183,126.19908 41.498853,123.5389 Z");

-- Insert some types of instruments
INSERT INTO instrument_types (typename) VALUES
("Centrifuge"),
("Autoclave"),
("Electron microscope"),
("Spectrophotometer"),
("Incubator"),
("PCR machine"),
("Microplate reader"),
("Fume hood"),
("Refrigerator"),
("Freezer"),
("Water bath"),
("Analytical balance"),
("pH meter"),
("Shaker"),
("Vortex mixer"),
("Gas chromatograph"),
("Mass spectrometer"),
("Flow cytometer"),
("Ultrasonic cleaner");


-- Insert instruments assigned to rooms
INSERT INTO instruments (type_id, room_id) VALUES
(1, 1), (2, 1), (3, 1),
(4, 2), (5, 2), (6, 2),
(7, 3), (8, 3), (9, 3),
(10, 4), (11, 4), (12, 4),
(13, 5), (14, 5), (15, 5),
(16, 6), (17, 6), (18, 6),
(19, 7), (1, 7), (2, 7),
(3, 8), (4, 8), (5, 8),
(6, 9), (7, 9), (8, 9),
(9, 10), (10, 10), (11, 10),
(12, 11), (13, 11), (14, 11),
(15, 12), (16, 12), (17, 12),
(18, 13), (19, 13), (1, 13),
(2, 14), (3, 14), (4, 14),
(5, 15), (6, 15), (7, 15),
(8, 16), (9, 16), (10, 16),
(11, 17), (12, 17), (13, 17),
(14, 18), (15, 18), (16, 18),
(17, 19), (18, 19), (19, 19),
(1, 20), (2, 20), (3, 20),
(4, 21), (5, 21), (6, 21),
(7, 22), (8, 22), (9, 22);